GROUP,PACKAGE,CLASS,INSTRUCTION_MISSED,INSTRUCTION_COVERED,BRANCH_MISSED,BRANCH_COVERED,LINE_MISSED,LINE_COVERED,COMPLEXITY_MISSED,COMPLEXITY_COVERED,METHOD_MISSED,METHOD_COVERED
ShortestPathSolver,com.shortestpathsolver.algorithms,AStar,13,1128,4,142,2,159,4,88,0,19
ShortestPathSolver,com.shortestpathsolver.algorithms,BFS,0,174,0,12,0,39,0,9,0,3
ShortestPathSolver,com.shortestpathsolver.algorithms,Dijkstra,0,179,0,14,0,40,0,10,0,3
ShortestPathSolver,com.shortestpathsolver.algorithms,Algorithm,0,287,0,28,0,26,0,19,0,5
ShortestPathSolver,com.shortestpathsolver.domain,ShortestRoute,104,1267,45,111,14,275,43,99,1,63
ShortestPathSolver,com.shortestpathsolver.domain,Node,0,171,0,6,0,37,0,23,0,20
ShortestPathSolver,com.shortestpathsolver.domain,ShortestRoute.new EventHandler() {...},4,6,0,0,2,1,1,1,1,1
ShortestPathSolver,com.shortestpathsolver.structures,Pair,0,15,0,0,0,6,0,3,0,3
ShortestPathSolver,com.shortestpathsolver.structures,Queue,0,77,1,1,0,20,1,5,0,5
ShortestPathSolver,com.shortestpathsolver.structures,CustomArrayList,0,239,2,28,0,46,2,24,0,11
ShortestPathSolver,com.shortestpathsolver.structures,Heap,0,279,6,30,0,40,6,23,0,11
